{"0": {"Toyota_Corolla": {"rvec": [[1.8561877918698713], [-0.1998420891555289], [-0.06283419397393285]], "tvec": [[10.552521154343077], [8.571507631116386], [37.99374764214392]], "f": 350, "loss": 0.6675209403038025}, "Toyota_Prius": {"rvec": [[1.8459977507823035], [-0.20636599404278974], [-0.10605811484967015]], "tvec": [[9.945531825529251], [8.040601314393694], [35.791834692107706]], "f": 350, "loss": 0.8289502263069153}, "Honda_Civic": {"rvec": [[1.887122296233574], [-0.219923850962878], [0.012273709656226508]], "tvec": [[10.683559420994845], [8.724574694107861], [38.49431426159653]], "f": 350, "loss": 1.0307866334915161}, "BMW_Series4": {"rvec": [[1.8685583170871474], [-0.20200126455349604], [-0.04827700303761171]], "tvec": [[10.426652714545561], [8.446920353919621], [37.55998375670877]], "f": 350, "loss": 0.7516991496086121}, "Tesla_ModelS": {"rvec": [[1.9495161280207225], [-0.29077136081604776], [-0.0875057685055639]], "tvec": [[11.539004762755724], [9.276590328951434], [41.5098506714012]], "f": 350, "loss": 1.041271686553955}}, "1": {"Toyota_Corolla": {"rvec": [[1.8255108277196013], [-0.09606246346251773], [-0.14257671012374407]], "tvec": [[5.1907117298049155], [7.144241924505022], [33.45887836073514]], "f": 350, "loss": 1.199514389038086}, "Toyota_Prius": {"rvec": [[1.8516457929016457], [-0.08528561773806947], [-0.08282253710073915]], "tvec": [[5.358730198651527], [7.3173777950189836], [35.01011041228466]], "f": 350, "loss": 1.4886808395385742}, "Honda_Civic": {"rvec": [[1.8672096130212337], [-0.06458089428541483], [-0.009288026744665156]], "tvec": [[5.4475068524131505], [7.588668968048939], [35.81098175502016]], "f": 350, "loss": 0.49895477294921875}, "BMW_Series4": {"rvec": [[1.8555016219369345], [-0.0721617510360007], [-0.055117176844088574]], "tvec": [[5.601683261485819], [7.677291820875806], [36.588899853033105]], "f": 350, "loss": 0.45404332876205444}, "Tesla_ModelS": {"rvec": [[1.9644318496665059], [-0.13431048465774986], [-0.01846984787866481]], "tvec": [[6.481024658486583], [8.8196185063697], [42.71128559433431]], "f": 350, "loss": 1.7880687713623047}}, "2": {"Toyota_Corolla": {"rvec": [[1.9206397282155958], [0.2183240391671256], [0.009777944563052922]], "tvec": [[0.05270591569544314], [3.7736282771935503], [46.32138634882563]], "f": 350, "loss": 1.0624793767929077}, "Toyota_Prius": {"rvec": [[1.828453183058541], [0.07680726498446701], [-0.1209736362100792]], "tvec": [[-0.08357502919485471], [3.5944250029490417], [39.92155326468682]], "f": 350, "loss": 1.3810365200042725}, "Honda_Civic": {"rvec": [[1.8675457629426035], [0.13102179056281973], [-0.1379680926852045]], "tvec": [[0.1377463219897509], [3.9023678442743983], [44.49043219976463]], "f": 350, "loss": 0.4808964729309082}, "BMW_Series4": {"rvec": [[1.8867492058546549], [0.13475187653271228], [-0.12918410837521271]], "tvec": [[0.08062441152505917], [3.821279479986302], [45.00221688235442]], "f": 350, "loss": 0.5285586714744568}, "Tesla_ModelS": {"rvec": [[2.028925495674547], [0.23484247265736274], [0.021850149110651616]], "tvec": [[-0.07193070830575565], [3.8688609024934104], [50.11044104717136]], "f": 350, "loss": 1.5135480165481567}}, "3": {"Toyota_Corolla": {"rvec": [[1.894321641912354], [0.2812582521074555], [-0.2540028833712804]], "tvec": [[-5.758536423324496], [7.491518736659787], [38.02399531547917]], "f": 350, "loss": 1.5406572818756104}, "Toyota_Prius": {"rvec": [[1.901145009046004], [0.3237109747588816], [0.0018597500722794395]], "tvec": [[-5.507186868355348], [6.42246321148089], [33.88650179217831]], "f": 350, "loss": 1.828558325767517}, "Honda_Civic": {"rvec": [[1.888183236349919], [0.26748501475927017], [-0.16778247100236385]], "tvec": [[-5.507163092766845], [6.908820435785644], [35.08304285380053]], "f": 350, "loss": 0.8415088653564453}, "BMW_Series4": {"rvec": [[1.8460602257496155], [0.22356860030082695], [-0.1317261608322544]], "tvec": [[-5.548329523147494], [6.762938369570191], [34.09946824346362]], "f": 350, "loss": 0.9688960909843445}, "Tesla_ModelS": {"rvec": [[1.994794100569871], [0.3422815777561293], [-0.20122351256066828]], "tvec": [[-6.391613025323746], [7.825467076481541], [40.978356764011146]], "f": 350, "loss": 1.7290815114974976}}, "4": {"Toyota_Corolla": {"rvec": [[1.9319535576109652], [0.23838582212910003], [-0.22303535563397975]], "tvec": [[-13.088076639841585], [9.465593975349858], [37.689720261449445]], "f": 350, "loss": 0.9972182512283325}, "Toyota_Prius": {"rvec": [[1.9371407522315798], [0.24423410278607668], [-0.22444481847669986]], "tvec": [[-13.040860432528476], [9.31930156869741], [37.388710660552995]], "f": 350, "loss": 1.0835329294204712}, "Honda_Civic": {"rvec": [[2.046008814136502], [0.3748445547301501], [-0.19195317182414706]], "tvec": [[-13.632748555023577], [9.610407089154057], [39.3666651808678]], "f": 350, "loss": 1.016903281211853}, "BMW_Series4": {"rvec": [[1.8990417317568973], [0.19159049868722827], [-0.26810412072291395]], "tvec": [[-13.037045428002273], [9.496403851972788], [37.30485032430833]], "f": 350, "loss": 0.7346893548965454}, "Tesla_ModelS": {"rvec": [[2.0059023847899846], [0.2555775216131708], [-0.3751037572662372]], "tvec": [[-14.213802674117334], [10.258830794835237], [41.183497758810496]], "f": 350, "loss": 1.2498022317886353}}, "5": {"Toyota_Corolla": {"rvec": [[1.8681274658061953], [0.2737236383150877], [-0.014800541508942597]], "tvec": [[-4.737510783463829], [5.854676876823992], [31.63830120567285]], "f": 350, "loss": 1.0671231746673584}, "Toyota_Prius": {"rvec": [[1.8193840941555222], [0.20563336517359423], [-0.04642806638665603]], "tvec": [[-4.592777658924053], [5.683302801175846], [30.197026820351883]], "f": 350, "loss": 1.3351811170578003}, "Honda_Civic": {"rvec": [[1.886127395583957], [0.26307953554892405], [-0.13060088369427694]], "tvec": [[-4.7992117446342], [6.314856951064301], [33.60996501616859]], "f": 350, "loss": 0.6360724568367004}, "BMW_Series4": {"rvec": [[1.8524013749946329], [0.2618371003634926], [-0.03467573840883124]], "tvec": [[-4.8622147090792405], [6.023129776155753], [32.544081439489744]], "f": 350, "loss": 1.2289628982543945}, "Tesla_ModelS": {"rvec": [[1.9525251931557304], [0.295648618600661], [-0.08825932367248249]], "tvec": [[-5.432478275117068], [6.657390057943245], [36.67657916206483]], "f": 350, "loss": 1.4746230840682983}}, "6": {"Toyota_Corolla": {"rvec": [[1.9125429908462146], [0.2848504062284573], [-0.04301569046358612]], "tvec": [[1.4098341282524607], [6.311732430738756], [34.19456666357757]], "f": 350, "loss": 0.9616827368736267}, "Toyota_Prius": {"rvec": [[1.9325392577518852], [0.2973196604804241], [-0.08069862179242202]], "tvec": [[1.71577788527503], [7.022755880277275], [38.36476637717916]], "f": 350, "loss": 2.2162508964538574}, "Honda_Civic": {"rvec": [[1.857579123435626], [0.19664587896480668], [-0.20053741437559122]], "tvec": [[1.5125197000501664], [6.546141191290749], [33.81260284051929]], "f": 350, "loss": 0.5820266008377075}, "BMW_Series4": {"rvec": [[1.917197603507953], [0.25308283526294373], [-0.1273572407974224]], "tvec": [[1.5243805647889621], [6.586935388344619], [35.411166617352166]], "f": 350, "loss": 0.5103660821914673}, "Tesla_ModelS": {"rvec": [[1.8894126417119594], [0.16336845192613952], [-0.23441150597003585]], "tvec": [[1.4754066252915612], [7.063264026643361], [36.577452545666745]], "f": 350, "loss": 1.2733681201934814}}}