{"0": {"Toyota_Corolla": {"rvec": [[1.841797223873943], [-0.1639469292764758], [-0.05236047149698116]], "tvec": [[10.062857523503562], [8.231906420528313], [36.29585825058278]], "f": 350, "loss": 0.9340485754909134}, "Toyota_Prius": {"rvec": [[1.8459977507823035], [-0.20636599404278974], [-0.10605811484967015]], "tvec": [[9.945531825529251], [8.040601314393694], [35.791834692107706]], "f": 350, "loss": 1.163373353633838}, "Honda_Civic": {"rvec": [[1.887122296233574], [-0.219923850962878], [0.012273709656226508]], "tvec": [[10.683559420994845], [8.724574694107861], [38.49431426159653]], "f": 350, "loss": 1.1016550073555627}, "BMW_Series4": {"rvec": [[1.8685583170871474], [-0.20200126455349604], [-0.04827700303761171]], "tvec": [[10.426652714545561], [8.446920353919621], [37.55998375670877]], "f": 350, "loss": 0.8475504464472803}, "Tesla_ModelS": {"rvec": [[1.9495161280207225], [-0.29077136081604776], [-0.0875057685055639]], "tvec": [[11.539004762755724], [9.276590328951434], [41.5098506714012]], "f": 350, "loss": 1.2270363611715578}}, "1": {"Toyota_Corolla": {"rvec": [[1.8255108277196013], [-0.09606246346251773], [-0.14257671012374407]], "tvec": [[5.1907117298049155], [7.144241924505022], [33.45887836073514]], "f": 350, "loss": 1.425248101991509}, "Toyota_Prius": {"rvec": [[1.8516457929016457], [-0.08528561773806947], [-0.08282253710073915]], "tvec": [[5.358730198651527], [7.3173777950189836], [35.01011041228466]], "f": 350, "loss": 1.8722526404081279}, "Honda_Civic": {"rvec": [[1.8672096130212337], [-0.06458089428541483], [-0.009288026744665156]], "tvec": [[5.4475068524131505], [7.588668968048939], [35.81098175502016]], "f": 350, "loss": 0.9396689257475318}, "BMW_Series4": {"rvec": [[1.8807321353845217], [-0.07261665185944458], [-0.03627486681510539]], "tvec": [[5.62925241049285], [7.710435215213064], [36.9194108147697]], "f": 350, "loss": 0.5333247343005918}, "Tesla_ModelS": {"rvec": [[1.9644318496665059], [-0.13431048465774986], [-0.01846984787866481]], "tvec": [[6.481024658486583], [8.8196185063697], [42.71128559433431]], "f": 350, "loss": 1.9719164376960447}}, "2": {"Toyota_Corolla": {"rvec": [[1.9206397282155958], [0.2183240391671256], [0.009777944563052922]], "tvec": [[0.05270591569544314], [3.7736282771935503], [46.32138634882563]], "f": 350, "loss": 1.4470784242934913}, "Toyota_Prius": {"rvec": [[1.9090987580285712], [0.18918228127073902], [-0.0001653564172777374]], "tvec": [[-0.06936765390165756], [3.4323427319160578], [42.22318723446932]], "f": 350, "loss": 1.7804618755450092}, "Honda_Civic": {"rvec": [[1.8675457629426035], [0.13102179056281973], [-0.1379680926852045]], "tvec": [[0.1377463219897509], [3.9023678442743983], [44.49043219976463]], "f": 350, "loss": 0.7216366914174591}, "BMW_Series4": {"rvec": [[1.8867492058546549], [0.13475187653271228], [-0.12918410837521271]], "tvec": [[0.08062441152505917], [3.821279479986302], [45.00221688235442]], "f": 350, "loss": 0.5917009260568377}, "Tesla_ModelS": {"rvec": [[2.028925495674547], [0.23484247265736274], [0.021850149110651616]], "tvec": [[-0.07193070830575565], [3.8688609024934104], [50.11044104717136]], "f": 350, "loss": 1.8610517948316692}}, "3": {"Toyota_Corolla": {"rvec": [[1.894321641912354], [0.2812582521074555], [-0.2540028833712804]], "tvec": [[-5.758536423324496], [7.491518736659787], [38.02399531547917]], "f": 350, "loss": 1.7532753169130693}, "Toyota_Prius": {"rvec": [[1.901145009046004], [0.3237109747588816], [0.0018597500722794395]], "tvec": [[-5.507186868355348], [6.42246321148089], [33.88650179217831]], "f": 350, "loss": 2.224558911145302}, "Honda_Civic": {"rvec": [[1.888183236349919], [0.26748501475927017], [-0.16778247100236385]], "tvec": [[-5.507163092766845], [6.908820435785644], [35.08304285380053]], "f": 350, "loss": 0.9618397374861298}, "BMW_Series4": {"rvec": [[1.8460602257496155], [0.22356860030082695], [-0.1317261608322544]], "tvec": [[-5.548329523147494], [6.762938369570191], [34.09946824346362]], "f": 350, "loss": 1.2854605681746492}, "Tesla_ModelS": {"rvec": [[2.014733759778998], [0.34024324459111277], [-0.2348991558635281]], "tvec": [[-6.445188423261487], [7.844032213626407], [41.56405818914802]], "f": 350, "loss": 1.9738187351129102}}, "4": {"Toyota_Corolla": {"rvec": [[1.9319535576109652], [0.23838582212910003], [-0.22303535563397975]], "tvec": [[-13.088076639841585], [9.465593975349858], [37.689720261449445]], "f": 350, "loss": 1.1457944062461531}, "Toyota_Prius": {"rvec": [[1.9371407522315798], [0.24423410278607668], [-0.22444481847669986]], "tvec": [[-13.040860432528476], [9.31930156869741], [37.388710660552995]], "f": 350, "loss": 1.4459307787867162}, "Honda_Civic": {"rvec": [[1.8731486874047967], [0.16230276774588367], [-0.30236935260692177]], "tvec": [[-12.75769111267158], [9.53085842647749], [36.774460142944214]], "f": 350, "loss": 1.2447451080960774}, "BMW_Series4": {"rvec": [[1.8990417317568973], [0.19159049868722827], [-0.26810412072291395]], "tvec": [[-13.037045428002273], [9.496403851972788], [37.30485032430833]], "f": 350, "loss": 0.8976206602511146}, "Tesla_ModelS": {"rvec": [[2.0059023847899846], [0.2555775216131708], [-0.3751037572662372]], "tvec": [[-14.213802674117334], [10.258830794835237], [41.183497758810496]], "f": 350, "loss": 1.5536637177013533}}, "5": {"Toyota_Corolla": {"rvec": [[1.8774440506684513], [0.2596198272028066], [-0.06371374112696965]], "tvec": [[-4.874315826233975], [6.18917555901294], [33.05706943886006]], "f": 350, "loss": 1.8288912442365122}, "Toyota_Prius": {"rvec": [[1.9737562899681127], [0.352976320300463], [-0.012936230359479524]], "tvec": [[-5.023518873303111], [6.206884420524115], [35.24043378263663]], "f": 350, "loss": 1.7583499147480899}, "Honda_Civic": {"rvec": [[1.9267664054880778], [0.3204806111496028], [-0.05155289081458143]], "tvec": [[-4.914333729814956], [6.244768536911888], [34.08066265142514]], "f": 350, "loss": 0.9806138063229722}, "BMW_Series4": {"rvec": [[1.9227630476764483], [0.3096159439126216], [-0.08278523580373089]], "tvec": [[-5.115247606631635], [6.5612585853549605], [35.9454951852597]], "f": 350, "loss": 1.549718404056303}, "Tesla_ModelS": {"rvec": [[1.9525251931557304], [0.295648618600661], [-0.08825932367248249]], "tvec": [[-5.432478275117068], [6.657390057943245], [36.67657916206483]], "f": 350, "loss": 1.8436558586267742}}, "6": {"Toyota_Corolla": {"rvec": [[1.9125429908462146], [0.2848504062284573], [-0.04301569046358612]], "tvec": [[1.4098341282524607], [6.311732430738756], [34.19456666357757]], "f": 350, "loss": 1.290386731886701}, "Toyota_Prius": {"rvec": [[1.9325392577518852], [0.2973196604804241], [-0.08069862179242202]], "tvec": [[1.71577788527503], [7.022755880277275], [38.36476637717916]], "f": 350, "loss": 2.3969108227876905}, "Honda_Civic": {"rvec": [[1.8636583368634054], [0.22845224890659063], [-0.15346832853721537]], "tvec": [[1.4266163459016596], [6.4149141142817], [33.3489251594694]], "f": 350, "loss": 0.8128702766205973}, "BMW_Series4": {"rvec": [[1.8869389582037035], [0.25834008413363857], [-0.09749144675527242]], "tvec": [[1.3815691401234709], [6.381650357900128], [34.14928184007521]], "f": 350, "loss": 0.7981566052612838}, "Tesla_ModelS": {"rvec": [[1.9869971209217216], [0.26573080525175763], [-0.1286885225964034]], "tvec": [[1.5968078569780213], [7.096206829260596], [38.89054296288972]], "f": 350, "loss": 1.5228220160938688}}}