{"rvec": [[1.893551166434143], [0.18692501997003352], [-0.1924592099562958]], "tvec": [[-3.9010246882122304], [6.036308760447963], [44.40958249268994]], "f": 401.8645809574389, "loss": 0.22032356296656974}