{"0": {"rvec": [[1.87646578424478], [-0.21890538806440335], [-0.049711814499293336]], "tvec": [[10.468252003351271], [8.457833640739358], [38.871504234400035]], "f": 360.48287427207543, "loss": 0.6765590906143188, "model": "BMW_Series4"}, "1": {"rvec": [[1.8227478955778222], [-0.05068869209013781], [-0.07127120886744454]], "tvec": [[5.707743471126407], [7.829332812624991], [31.720568312493565]], "f": 297.22252134402027, "loss": 0.3296961784362793, "model": "BMW_Series4"}, "2": {"rvec": [[1.8838735879306232], [0.14561410611121542], [-0.09796647027606827]], "tvec": [[0.0566170937424889], [3.8376684489340906], [44.218826375641115]], "f": 342.31366494122227, "loss": 0.44480830430984497, "model": "BMW_Series4"}, "3": {"rvec": [[1.8957320356630651], [0.2670357427992912], [-0.21678999295545504]], "tvec": [[-5.529542400295075], [7.081831276696529], [36.666037549581226]], "f": 359.4934581110185, "loss": 0.7361088991165161, "model": "Honda_Civic"}, "4": {"rvec": [[1.9403609981979568], [0.20462836636801515], [-0.31022012010838385]], "tvec": [[-12.854227816939828], [9.350566953247286], [40.0846675109235]], "f": 379.9376297790238, "loss": 0.6401790976524353, "model": "BMW_Series4"}, "5": {"rvec": [[1.908783727615124], [0.29956667662946335], [-0.10141692546238615]], "tvec": [[-4.877858740034971], [6.34308488890324], [32.64304246791877]], "f": 332.8093453917655, "loss": 0.5842889547348022, "model": "Honda_Civic"}, "6": {"rvec": [[1.9140824223556705], [0.2516899326481975], [-0.11765565343934453]], "tvec": [[1.482368543746168], [6.5160850876893495], [35.66499146137556]], "f": 356.5688518835507, "loss": 0.4907585084438324, "model": "BMW_Series4"}}