{"0": {"rvec": [[1.8706655412276167], [-0.21142845404897562], [-0.04669218217048193]], "tvec": [[10.624158618275903], [8.626834896401041], [38.69094668825274]], "f": 353.5660555297707, "loss": 0.7516991496086121}, "1": {"rvec": [[1.841701375029837], [-0.051910551342347434], [-0.040679966284034565]], "tvec": [[5.520946052001694], [7.614708973444477], [34.884450896813334]], "f": 337.0628281582935, "loss": 0.49817395210266113}, "2": {"rvec": [[1.8302499179793899], [0.12195591145986023], [-0.13560041373569193]], "tvec": [[0.08112643274841078], [3.9201950820685387], [31.7508680239982]], "f": 245.17997647723183, "loss": 0.4808964729309082}, "3": {"rvec": [[1.8050273690519278], [0.20367142238803107], [-0.19157534413853497]], "tvec": [[-5.722801615328062], [7.46364104477676], [27.516330452321878]], "f": 258.11617493261343, "loss": 0.8415088653564453}, "4": {"rvec": [[1.9292891073767293], [0.20117608025671768], [-0.2414285639280189]], "tvec": [[-13.146327819063979], [9.479779610136678], [36.693268654092094]], "f": 341.093265745442, "loss": 0.7346893548965454}, "5": {"rvec": [[1.8751344562231809], [0.2864731267382941], [-0.0661829805411622]], "tvec": [[-4.9557519069202325], [6.419731405764706], [28.596132053954136]], "f": 287.544439026607, "loss": 0.7278145551681519}, "6": {"rvec": [[1.9064741008402613], [0.2530919664981826], [-0.12569804337161106]], "tvec": [[1.5068405961772564], [6.560685185996145], [34.28878808886357]], "f": 340.4675896432922, "loss": 0.6216198801994324}}