{"0": {"rvec": [[1.869198955964325], [-0.2127151251933844], [-0.05503930066318226]], "tvec": [[10.564577492280293], [8.577521821590024], [38.52987338650287]], "f": 354.331125634221, "loss": 0.6179252862930298, "model": "Toyota_Corolla"}, "1": {"rvec": [[1.8390816326301542], [-0.054179532483117084], [-0.04700787336046974]], "tvec": [[5.599712615178168], [7.7166472315250605], [33.69544065195842]], "f": 320.327213708361, "loss": 0.379432737827301, "model": "BMW_Series4"}, "2": {"rvec": [[1.8284076147271], [0.11598257995617609], [-0.14763320363200796]], "tvec": [[0.09943221456906151], [3.9524233911286863], [31.926184590008045]], "f": 245.54977227265385, "loss": 0.4156038463115692, "model": "BMW_Series4"}, "3": {"rvec": [[1.8319380058270125], [0.22782048279720235], [-0.1873195063293996]], "tvec": [[-5.742282903396845], [7.439501152231343], [28.66065738311188]], "f": 267.7998594158741, "loss": 0.6665053963661194, "model": "Honda_Civic"}, "4": {"rvec": [[1.9288572121077827], [0.20255879792618414], [-0.2360626564438644]], "tvec": [[-13.167546581263423], [9.48635137470603], [36.512601125528356]], "f": 338.9466550675971, "loss": 0.6193512678146362, "model": "BMW_Series4"}, "5": {"rvec": [[1.8691347852320292], [0.28800490528922823], [-0.057254389759902796]], "tvec": [[-4.984938792248797], [6.453148368720342], [27.714320383638473]], "f": 276.6437188435871, "loss": 0.5888575315475464, "model": "Honda_Civic"}, "6": {"rvec": [[1.9124948925007776], [0.25089216223451555], [-0.1259577976266038]], "tvec": [[1.5078156480401046], [6.560938136443552], [35.293074018383535]], "f": 350.6370196366681, "loss": 0.48097163438796997, "model": "BMW_Series4"}}